{
  "[POST] Add User - 9" : {
    "transaction" : "[POST] Add User - 9",
    "sampleCount" : 1,
    "errorCount" : 0,
    "errorPct" : 0.0,
    "meanResTime" : 1350.0,
    "medianResTime" : 1350.0,
    "minResTime" : 1350.0,
    "maxResTime" : 1350.0,
    "pct1ResTime" : 1350.0,
    "pct2ResTime" : 1350.0,
    "pct3ResTime" : 1350.0,
    "throughput" : 0.7407407407407407,
    "receivedKBytesPerSec" : 0.9143518518518517,
    "sentKBytesPerSec" : 0.23509837962962962
  },
  "[POST] Add User - 7" : {
    "transaction" : "[POST] Add User - 7",
    "sampleCount" : 1,
    "errorCount" : 0,
    "errorPct" : 0.0,
    "meanResTime" : 1210.0,
    "medianResTime" : 1210.0,
    "minResTime" : 1210.0,
    "maxResTime" : 1210.0,
    "pct1ResTime" : 1210.0,
    "pct2ResTime" : 1210.0,
    "pct3ResTime" : 1210.0,
    "throughput" : 0.8264462809917356,
    "receivedKBytesPerSec" : 1.0169163223140496,
    "sentKBytesPerSec" : 0.2622998450413223
  },
  "[POST] Add User - 8" : {
    "transaction" : "[POST] Add User - 8",
    "sampleCount" : 1,
    "errorCount" : 0,
    "errorPct" : 0.0,
    "meanResTime" : 1112.0,
    "medianResTime" : 1112.0,
    "minResTime" : 1112.0,
    "maxResTime" : 1112.0,
    "pct1ResTime" : 1112.0,
    "pct2ResTime" : 1112.0,
    "pct3ResTime" : 1112.0,
    "throughput" : 0.8992805755395684,
    "receivedKBytesPerSec" : 1.1100494604316546,
    "sentKBytesPerSec" : 0.2854161982913669
  },
  "[POST] Add User - 5" : {
    "transaction" : "[POST] Add User - 5",
    "sampleCount" : 1,
    "errorCount" : 0,
    "errorPct" : 0.0,
    "meanResTime" : 1650.0,
    "medianResTime" : 1650.0,
    "minResTime" : 1650.0,
    "maxResTime" : 1650.0,
    "pct1ResTime" : 1650.0,
    "pct2ResTime" : 1650.0,
    "pct3ResTime" : 1650.0,
    "throughput" : 0.6060606060606061,
    "receivedKBytesPerSec" : 0.7457386363636364,
    "sentKBytesPerSec" : 0.1923532196969697
  },
  "[POST] Add User - 6" : {
    "transaction" : "[POST] Add User - 6",
    "sampleCount" : 1,
    "errorCount" : 0,
    "errorPct" : 0.0,
    "meanResTime" : 1042.0,
    "medianResTime" : 1042.0,
    "minResTime" : 1042.0,
    "maxResTime" : 1042.0,
    "pct1ResTime" : 1042.0,
    "pct2ResTime" : 1042.0,
    "pct3ResTime" : 1042.0,
    "throughput" : 0.9596928982725528,
    "receivedKBytesPerSec" : 1.1808721209213051,
    "sentKBytesPerSec" : 0.3045900311900192
  },
  "[POST] Add User - 3" : {
    "transaction" : "[POST] Add User - 3",
    "sampleCount" : 1,
    "errorCount" : 0,
    "errorPct" : 0.0,
    "meanResTime" : 1739.0,
    "medianResTime" : 1739.0,
    "minResTime" : 1739.0,
    "maxResTime" : 1739.0,
    "pct1ResTime" : 1739.0,
    "pct2ResTime" : 1739.0,
    "pct3ResTime" : 1739.0,
    "throughput" : 0.5750431282346176,
    "receivedKBytesPerSec" : 0.7120651236342725,
    "sentKBytesPerSec" : 0.1825088053479011
  },
  "[POST] Add User - 10" : {
    "transaction" : "[POST] Add User - 10",
    "sampleCount" : 1,
    "errorCount" : 0,
    "errorPct" : 0.0,
    "meanResTime" : 1301.0,
    "medianResTime" : 1301.0,
    "minResTime" : 1301.0,
    "maxResTime" : 1301.0,
    "pct1ResTime" : 1301.0,
    "pct2ResTime" : 1301.0,
    "pct3ResTime" : 1301.0,
    "throughput" : 0.7686395080707148,
    "receivedKBytesPerSec" : 0.9562956379707918,
    "sentKBytesPerSec" : 0.24545421790930055
  },
  "Total" : {
    "transaction" : "Total",
    "sampleCount" : 10,
    "errorCount" : 0,
    "errorPct" : 0.0,
    "meanResTime" : 1410.5,
    "medianResTime" : 1408.5,
    "minResTime" : 1042.0,
    "maxResTime" : 1739.0,
    "pct1ResTime" : 1738.6,
    "pct2ResTime" : 1739.0,
    "pct3ResTime" : 1739.0,
    "throughput" : 1.725327812284334,
    "receivedKBytesPerSec" : 2.1293645402001378,
    "sentKBytesPerSec" : 0.5479263716356108
  },
  "[POST] Add User - 4" : {
    "transaction" : "[POST] Add User - 4",
    "sampleCount" : 1,
    "errorCount" : 0,
    "errorPct" : 0.0,
    "meanResTime" : 1499.0,
    "medianResTime" : 1499.0,
    "minResTime" : 1499.0,
    "maxResTime" : 1499.0,
    "pct1ResTime" : 1499.0,
    "pct2ResTime" : 1499.0,
    "pct3ResTime" : 1499.0,
    "throughput" : 0.66711140760507,
    "receivedKBytesPerSec" : 0.820859739826551,
    "sentKBytesPerSec" : 0.211729694796531
  },
  "[POST] Add User - 1" : {
    "transaction" : "[POST] Add User - 1",
    "sampleCount" : 1,
    "errorCount" : 0,
    "errorPct" : 0.0,
    "meanResTime" : 1467.0,
    "medianResTime" : 1467.0,
    "minResTime" : 1467.0,
    "maxResTime" : 1467.0,
    "pct1ResTime" : 1467.0,
    "pct2ResTime" : 1467.0,
    "pct3ResTime" : 1467.0,
    "throughput" : 0.6816632583503749,
    "receivedKBytesPerSec" : 0.8387653374233128,
    "sentKBytesPerSec" : 0.21634820211315609
  },
  "[POST] Add User - 2" : {
    "transaction" : "[POST] Add User - 2",
    "sampleCount" : 1,
    "errorCount" : 0,
    "errorPct" : 0.0,
    "meanResTime" : 1735.0,
    "medianResTime" : 1735.0,
    "minResTime" : 1735.0,
    "maxResTime" : 1735.0,
    "pct1ResTime" : 1735.0,
    "pct2ResTime" : 1735.0,
    "pct3ResTime" : 1735.0,
    "throughput" : 0.5763688760806917,
    "receivedKBytesPerSec" : 0.7137067723342939,
    "sentKBytesPerSec" : 0.1829295749279539
  }
}